<?xml version="1.0" encoding="ISO-8859-1"?>
<?xml-stylesheet type="text/xsl" href="yarpmanifest.xsl"?>
 
<module>
  <name>depth2kin</name>
  <doxygen-group>icub_tools</doxygen-group>
  <description>Stereo-Kinematics Calibration.</description>
  <copypolicy>Released under the terms of the GNU GPL v2.0</copypolicy>
  <version>1.0</version>
  
  <description-long>
    This module implements the calibration procedure aimed to build a map
    between the 3D information retrieved by means of stereo vision and the
    kinematics used by the cartesian interface to perform reaching actions. \n
    To find out detailed instructions on how to run the calibration, visit
    the \ref depth2kinApp "application page".
  </description-long>
 
  <arguments>    
    <param default="depth2kin" desc="select the current context.">context</param>
    <param default="config.ini" desc="configuration file name.">from</param>
    <param default="calibration_data.ini" desc="file containing the calibration data.">calibrationFile</param>
    <param default="dept2kin" desc="module's name; all the open ports will be tagged with the prefix /name.">name</param>
    <param default="icub" desc="name of the robot to connect to.">robot</param>
    <param default="se3+scale" desc="type of the expert selected at start-up.">type</param>
    <param default="0.25" desc="maximum distance in meters between the depth measurements and the
                                kinematic predictions to accept corresponding input-output data pairs.">max_dist</param>
    <param default="100" desc="the side in pixels of the region-of-interest (roi window) centered around the
                               kinematic prediction of the fingertip used to segment the hand.">roi_side</param>
    <param default="5.0" desc="the vergence in degrees for blocking the eyes during the exploration,
                               if requested by the user.">block_eyes</param>
    <param default="0.5" desc="timeout in seconds applied soon afterwards the reaching of the point
                               during the exploration and right before the acquisition of the
                               input-output data pair.">exploration_wait</param>
    <param default="0.01" desc="overall tolerance used for cartesian movements during exploration phase.">exploration_intargettol</param>
    <param default="0.001" desc="overall tolerance used for cartesian movements during touch actions.">touch_intargettol</param>
  </arguments>
 
  <authors>
    <author email="ugo.pattacini@iit.it"> Ugo Pattacini </author>
  </authors>
 
  <data>
    <input>
      <type>yarp::sig::Image</type>
      <port carrier="tcp">/depth2kin/depth:i</port>
      <required>no</required>
      <priority>no</priority>
      <description>feed depth to depth2kin using this port.</description>
    </input>

    <output>
      <type>yarp::sig::Image</type>
      <port carrier="tcp">/depth2kin/depth:o</port>
      <description>
        stream out the depth image as result of the hand segmentation
        as well as useful information about actual measurement of the
        fingertip (red dot) and its kinematic prediction (green dot).
      </description>
    </output>

    <input>
      <type>yarp::os::Bottle</type>
      <port carrier="tcp">/depth2kin/touch:i</port>
      <required>no</required>
      <priority>no</priority>
      <description>
        receive two integers representing the x-y coordinates of the pixel
        in the left image plane where to execute a touch action.
      </description>
    </input>

    <output>
      <type>yarp::os::Bottle</type>
      <port carrier="tcp">/depth2kin/depth:rpc</port>
      <description>
        send requests to stereo vision module for retrieving 3D info so
        as performing stereo calibration.
      </description>
    </output>
  </data>
  
  <services>
    <server>
      <type>depth2kin_IDL</type>
      <idl>depth2kin.thrift</idl>
      <port>/depth2kin/rpc</port>
      <description>service port</description>
    </server>
  </services>
 
</module>

