<?xml version="1.0" encoding="ISO-8859-1"?>
<?xml-stylesheet type="text/xsl" href="yarpmanifest.xsl"?>
 
<module>
  <name>imuFilter</name>
  <doxygen-group>icub_tools</doxygen-group>
  <description>IMU data Filter.</description>
  <copypolicy>Released under the terms of the GNU GPL v2.0</copypolicy>
  <version>1.0</version>
  
  <description-long>
    This module applies filtering to remove gyro bias. \n
    At startup an attempt is made to connect to the IMU port of the specified robot.
  </description-long>
 
  <arguments>    
    <param default="imuFilter" desc="module's name; all the open ports will be tagged with the prefix /name.">name</param>
    <param default="icub" desc="name of the robot to connect to.">robot</param>
    <param default="5" desc="Order of the median filter for the gyro data.">gyro-order</param>
    <param default="51" desc="Order of the median filter for the magnetometer data.">mag-order</param>
    <param default="0.04" desc="Magnetic field up-threshold for stopping bias adaption.">mag-vel-thres-up</param>
    <param default="0.02" desc="Magnetic field down-threshold for starting bias adaption.">mag-vel-thres-down</param>
    <param default="0.001" desc="Gain to integrate gyro bias.">bias-gain</param>
    <param desc="If specified enable verbosity.">verbose</param>
  </arguments>
 
  <authors>
    <author email="ugo.pattacini@iit.it"> Ugo Pattacini </author>
  </authors>
 
  <data>
    <input>
      <type>yarp::os::Vector</type>
      <port carrier="tcp">/imuFilter/inertial:i</port>
      <required>no</required>
      <priority>no</priority>
      <description>
        receive from the robot the 12 double containing imu data.
      </description>
    </input>

    <output>
      <type>yarp::os::Vector</type>
      <port carrier="tcp">/imuFilter/inertial:o</port>
      <description>
        send the filtered 12 double.
      </description>
    </output>

    <output>
      <type>yarp::os::Vector</type>
      <port carrier="tcp">/imuFilter/bias:o</port>
      <description>
        provide the current estimate of the gyro bias.
      </description>
    </output>
  </data>
   
</module>

